true,common
2 Titans (4c Pile),
3+ colour Loam,
Leyline Beans,
8 Mulch,
8-Cast,
All in Red,
Aluren,
Asmorator,
Bant NO Zenith,
Bant Phelia,
Beseech Storm,
Black Painter,
Black Stompy,
Blue Belcher,
Blue Painter Pile,
Blue Post,
Blue Tron,
BUG Beans,
BUG Evoke Beans,
BUG midrange,
BUG Scam,
BURG Cascade,
Burn,
BW Cats,Energy
Cephalid Breakfast,
Cloudpost,
Colorless Prison,
Cradle Control,
Death and Taxes,
Death's Shadow,
Depths Painter,
Doomsday,
Dreadnought,
Dredge,
Eldrazi,
Elves,
Enchantress,
Energy,
Enlightened Tutor Control,
Esper Control,
Esper tempo,
Frogsday,
Full Continental Breakfast,
Gates Combo,
GB Cubs,
GB Midrange,
Goblins,
Golgari Yawgmoth,
Grixis Control,
Grixis Lutri,
Grixis Soothsayer,
Grixis Tempo,
Gruul Prowess,
GW Midrange,
GWx Depths,
High Tide,
Hollowvine,
Infect,
Initiative,
Jeskai Control,
Jeskai Tempo,
Jewel Combo,
Jund Lands,
Karn Echoes,
KarnForge,
Lands,
Lantern Painter,
Mardu Cats,Energy
Maverick,
Merfolk,
Mono B Reanimator,
Mono Black Helm,
Moon Stompy,
Moonshadow,
Nadu Elves,
Nadu Midrange,
Naya Initiative,
Nazu Wizards,
Nic Fit,
Ninjas,
Omni Aluren,
Oops! All Spells,
Pox,
RB Madness,
RB Midrange,
RB Reanimator,
RB Shadow Helm,
RB Stompy,
Reanipainter,
Rescaminator,
RG Initiative,
RG Prison,
Rhinos,
RW Cats,Energy
Rx Painter,
Scamwise,
Sewer-Cam Combo,
Show and Depths,
Show and Tell,
Slivers,
Stasis,
Stiflenought,
Stoneblade,
Synthesizer Affinity,
Temur Tempo,
The EPIC Storm,
The Rock,
Tin-Fins,
Tron,
Turbo Goblins,
Turbo Smog,
UB Midrange,
UB Painter,
UB Reanimator,
UB Scam,
UB Tempo,
UB Wheels,
UR Tempo,
UR Wizards,
UW Control,
Vroomsday,
XXXXX,
